{
  "xgboost": {
    "feature_names": [
      "sub_500m",
      "ind_cluste",
      "pop",
      "worker",
      "road_den",
      "RAR",
      "BAR",
      "area(km2)",
      "FAR",
      "train_dist",
      "com_cluste",
      "pharmacy",
      "hospital",
      "restaurant",
      "cafe",
      "CVS",
      "school",
      "center_dis",
      "entropy",
      "park_area",
      "central_du",
      "center_dis",
      "agriculture_forest_ratio",
      "commercial_ratio",
      "environmental_ratio",
      "green_ratio",
      "industrial_ratio",
      "management_ratio",
      "residential_ratio"
    ],
    "importances": [
      0.020215168595314026,
      0.03193725273013115,
      0.02173125371336937,
      0.07839774340391159,
      0.05242811143398285,
      0.03219550475478172,
      0.04589022323489189,
      0.04685954749584198,
      0.10936026275157928,
      0.020472269505262375,
      0.0321810357272625,
      0.030978059396147728,
      0.11100105196237564,
      0.0770881250500679,
      0.03160709887742996,
      0.034692589193582535,
      0.01561116985976696,
      0.016794750466942787,
      0.005727251060307026,
      0.00995929166674614,
      0.023422200232744217,
      0.022166989743709564,
      0.0,
      0.008786456659436226,
      0.0,
      0.01063500065356493,
      0.024918735027313232,
      0.0,
      0.08494289964437485
    ]
  },
  "lightgbm": {
    "feature_names": [
      "sub_500m",
      "ind_cluste",
      "pop",
      "worker",
      "road_den",
      "RAR",
      "BAR",
      "area(km2)",
      "FAR",
      "train_dist",
      "com_cluste",
      "pharmacy",
      "hospital",
      "restaurant",
      "cafe",
      "CVS",
      "school",
      "center_dis",
      "entropy",
      "park_area",
      "central_du",
      "center_dis",
      "agriculture_forest_ratio",
      "commercial_ratio",
      "environmental_ratio",
      "green_ratio",
      "industrial_ratio",
      "management_ratio",
      "residential_ratio"
    ],
    "importances": [
      6,
      37,
      35,
      44,
      7,
      18,
      17,
      12,
      31,
      35,
      39,
      15,
      23,
      32,
      7,
      26,
      10,
      20,
      13,
      9,
      0,
      7,
      0,
      2,
      0,
      5,
      0,
      0,
      8
    ]
  }
}