{
  "xgboost": {
    "train_r2": 0.6811008384655519,
    "test_r2": 0.45437437560629745,
    "simulation_r2": 0.47316703430150464,
    "train_rmse": 12.851636175275038,
    "test_rmse": 12.24963636293136
  },
  "lightgbm": {
    "train_r2": 0.5914112142311962,
    "test_r2": 0.4501652468564875,
    "simulation_r2": 0.5081324926933288,
    "train_rmse": 14.547050785530356,
    "test_rmse": 12.296794375574926
  },
  "training_date": "2025-08-07 18:01:16",
  "target_variable": "day (도시활력)",
  "n_features": 29
}