{
  "xgboost": {
    "feature_names": [
      "sub_500m",
      "ind_cluste",
      "pop",
      "worker",
      "road_den",
      "RAR",
      "BAR",
      "area(km2)",
      "FAR",
      "train_dist",
      "com_cluste",
      "pharmacy",
      "hospital",
      "restaurant",
      "cafe",
      "CVS",
      "school",
      "center_dis",
      "entropy",
      "park_area",
      "central_du",
      "center_dis",
      "agriculture_forest_ratio",
      "commercial_ratio",
      "environmental_ratio",
      "green_ratio",
      "industrial_ratio",
      "management_ratio",
      "residential_ratio"
    ],
    "importances": [
      0.03157532587647438,
      0.02422226406633854,
      0.027204062789678574,
      0.05711306631565094,
      0.030998267233371735,
      0.023987680673599243,
      0.07005751878023148,
      0.05481671541929245,
      0.139149472117424,
      0.02173135057091713,
      0.030816610902547836,
      0.03435118496417999,
      0.08773541450500488,
      0.0841318890452385,
      0.03079424612224102,
      0.03069203719496727,
      0.016069239005446434,
      0.015253206714987755,
      0.018536517396569252,
      0.020605845376849174,
      0.01365181989967823,
      0.031991325318813324,
      0.0,
      0.008872782811522484,
      0.0,
      0.020118286833167076,
      0.0,
      0.0,
      0.07552385330200195
    ]
  },
  "lightgbm": {
    "feature_names": [
      "sub_500m",
      "ind_cluste",
      "pop",
      "worker",
      "road_den",
      "RAR",
      "BAR",
      "area(km2)",
      "FAR",
      "train_dist",
      "com_cluste",
      "pharmacy",
      "hospital",
      "restaurant",
      "cafe",
      "CVS",
      "school",
      "center_dis",
      "entropy",
      "park_area",
      "central_du",
      "center_dis",
      "agriculture_forest_ratio",
      "commercial_ratio",
      "environmental_ratio",
      "green_ratio",
      "industrial_ratio",
      "management_ratio",
      "residential_ratio"
    ],
    "importances": [
      2,
      23,
      66,
      31,
      10,
      14,
      19,
      17,
      29,
      28,
      32,
      11,
      25,
      39,
      3,
      20,
      13,
      21,
      13,
      14,
      0,
      4,
      0,
      3,
      0,
      6,
      0,
      0,
      13
    ]
  }
}