{
  "xgboost": {
    "train_r2": 0.6593436963577246,
    "test_r2": 0.4258949463153513,
    "simulation_r2": 0.6426348688198844,
    "train_rmse": 15.885429258417926,
    "test_rmse": 15.467851059075656
  },
  "lightgbm": {
    "train_r2": 0.580284918208215,
    "test_r2": 0.4192821574143525,
    "simulation_r2": 0.6362125082120669,
    "train_rmse": 17.632667887431204,
    "test_rmse": 15.556678682949409
  },
  "training_date": "2025-08-08 11:19:30",
  "target_variable": "day (도시활력)",
  "n_features": 29
}